<?xml version='1.0' encoding='utf-8'?>
<diff>
  <replace sel="/mdscript/cues/library[@name='Start']/cues/cue[@name='Do_Start_Mission']/actions/do_if[@value='$GenerateReward']/do_any/do_if[@value='not $RewardCr']/@weight">94</replace>
  <replace sel="/mdscript/cues/library[@name='Start']/cues/cue[@name='Do_Start_Mission']/actions/do_if[@value='$GenerateReward']/do_any/do_if[@value='not $RewardObj']/@weight">6</replace>

  <replace sel="//do_if[@value='$GenerateReward']/do_any/do_if[@value='not $RewardCr']/signal_cue_instantly/@param">[Start, $PlotSize, $StationSpecs, $ClientOwner]</replace>
  
  <add sel="//cue[@name='CalculateReward']/actions" pos="prepend">
    <set_value name="$Uivalue" exact="event.param.{4}.relation.{event.param.{4}.relationto.{faction.player}}.uivalue" />
  </add>
  
  <replace sel="//cue[@name='CalculateReward']/actions/set_value[@name='event.param.{1}.$Reward_Money__Result']/@exact">((((@$RewardCostPlotCr + @$RewardCostMacroCr + @$RewardCostContainedCr + @$RewardCostProductsCr + @$RewardBonusCr + @$RewardStorageCr)/4) * (($Uivalue / 18) + 1)) / (4000Cr)) * (1000Cr)</replace>


</diff>
