<?xml version='1.0' encoding='utf-8'?>
<diff>
  <replace sel="/mdscript/cues/library[@name='Start']/cues/cue[@name='Do_Start_Mission']/actions/do_if[@value='$GenerateReward']/do_any/do_if[@value='not $RewardCr']/@weight">94</replace>
  <replace sel="/mdscript/cues/library[@name='Start']/cues/cue[@name='Do_Start_Mission']/actions/do_if[@value='$GenerateReward']/do_any/do_if[@value='not $RewardObj']/@weight">6</replace>
  <replace sel="//signal_cue_instantly[@cue='CalculateReward']/@param">[Start, $MissionThread, @$OfferType, $Difficulty, $DeployableCategory, $TargetCount, $ClientOwner]</replace>
  <replace sel="//cue[@name='CalculateReward']/actions/set_value[@name='$RewardBonusCr']/@exact">[25000Cr, [[event.param.{6} * 5000Cr].random, 50000Cr].min].max</replace>
  <replace sel="//cue[@name='CalculateReward']/actions/set_value[@name='$RewardBonusCr']/@comment">profit, clamped to 25000-50000Cr</replace>
 

  <add sel="//cue[@name='CalculateReward']/actions" pos="prepend">
    <set_value name="$Uivalue" exact="event.param.{7}.relation.{event.param.{7}.relationto.{faction.player}}.uivalue" />
 </add>

  <add sel="//cue[@name='CalculateReward']/actions/set_value[@comment='round']" pos="before"> 
    <set_value name='$RewardBonusCr' exact='$RewardBonusCr * (($Uivalue / 6) + 1)Cr' comment ='"Multiply faction bonus with $RewardBonusCr"'/>
  </add>

  <add sel="//cue[@name='CalculateReward']/actions/set_value[@comment='round']" pos="before"> 
    <set_value name='$RewardCostCr' exact='$RewardCostCr * (($Uivalue / 6) + 1)Cr' comment ='"Multiply faction bonus with $RewardCostCr"'/>
  </add> 
  <replace sel="//set_value[@exact='(($RewardCostCr + $RewardBonusCr) / (100Cr)) * (100Cr)']/@exact">(($RewardCostCr + $RewardBonusCr) / (5000Cr)) * (100Cr)</replace>
  
  <!--
  <<add sel="//cue[@name='CalculateReward']/actions/set_value[@comment='round']" pos="before"> 
    <set_value name='$RewardBonusCr' exact='0' comment ='"Set $RewardBonusCr to 0"'/>
  </add>
  -->
    <!-- Elmitinates RewardCostCr for testing of RewardBonusCr -->
  
</diff>
