<?xml version='1.0' encoding='utf-8'?>
<diff>
  <replace sel="/mdscript/cues/library[@name='Start']/cues/cue[@name='Do_Start_Mission']/actions/do_if[@value='$GenerateReward']/do_any/do_if[@value='not $RewardCr']/@weight">94</replace>
  <replace sel="/mdscript/cues/library[@name='Start']/cues/cue[@name='Do_Start_Mission']/actions/do_if[@value='$GenerateReward']/do_any/do_if[@value='not $RewardObj']/@weight">6</replace>

  <replace sel="//do_if[@value='$GenerateReward']/do_any/do_if[@value='not $RewardCr']/signal_cue_instantly/@param">[Start, $MissionThread, $Difficulty, $Hostiles, $SalvageShip, $ClientOwner]</replace>
  
  <add sel="//cue[@name='CalculateReward']/actions" pos="prepend">
    <set_value name="$Uivalue" exact="event.param.{6}.relation.{event.param.{6}.relationto.{faction.player}}.uivalue" />
  </add>
  
  <!-- Unused, here in case reward needs editing
  <replace sel="//cue[@name='CalculateReward']/actions/set_value[@comment='fallback']/@comment">NOTHING</replace>
  <replace sel="//cue[@name='CalculateReward']/actions/set_value[@comment='fallback']/@comment">NOTHING</replace>
  -->
  
  
  <replace sel="//cue[@name='CalculateReward']/actions/set_value[@comment='round']/@exact">((($RewardShipCr + $RewardBonusCr) * (($Uivalue / 6) + 1)) / (5830Cr)) * (100Cr)</replace>

</diff>
