<?xml version='1.0' encoding='utf-8'?>
<diff>
  <replace sel="/mdscript/cues/library[@name='Start']/cues/cue[@name='Do_Start_Mission']/actions/do_if[@value='$GenerateReward']/do_any/do_if[@value='not $RewardCr']/@weight">94</replace>
  <replace sel="/mdscript/cues/library[@name='Start']/cues/cue[@name='Do_Start_Mission']/actions/do_if[@value='$GenerateReward']/do_any/do_if[@value='not $RewardObj']/@weight">6</replace>

  <replace sel="//do_if[@value='$GenerateReward']/do_any/do_if[@value='not $RewardCr']/signal_cue_instantly/@param">[Start, $Difficulty, $Targets, $ClientOwner]</replace>
  
  <add sel="//cue[@name='CalculateReward']/actions" pos="prepend">
    <set_value name="$Uivalue" exact="event.param.{4}.relation.{event.param.{4}.relationto.{faction.player}}.uivalue" />
  </add>
    
  <replace sel="//cue[@name='CalculateReward']/actions/set_value[@comment='round']/@exact">((((10000Cr + 25000Cr * event.param.{3}.count * $BonusMultiplier) * 2) * (($Uivalue / 6) + 1)) / (100Cr)) * (200Cr)</replace>
 
  
  
  
  
</diff>
