<?xml version='1.0' encoding='utf-8'?>
<diff>
  <replace sel="/mdscript/cues/library[@name='Start']/cues/cue[@name='Do_Start_Mission']/actions/do_if[@value='$GenerateReward']/do_any/do_if[@value='not $RewardCr']/@weight">94</replace>
  <replace sel="/mdscript/cues/library[@name='Start']/cues/cue[@name='Do_Start_Mission']/actions/do_if[@value='$GenerateReward']/do_any/do_if[@value='not $RewardObj']/@weight">6</replace>

  <replace sel="//do_if[@value='$GenerateReward']/do_any/do_if[@value='not $RewardCr']/signal_cue_instantly/@param">[Start, $MissionThread, @$OfferType, $Difficulty, $ClientOwner]</replace>
  
  <add sel="//cue[@name='CalculateReward']/actions" pos="prepend">
    <set_value name="$Uivalue" exact="event.param.{5}.relation.{event.param.{5}.relationto.{faction.player}}.uivalue" />
  </add>
  
  <replace sel="//cue[@name='CalculateReward']/actions/set_value[@comment='25k + numhostiles*5k clamped to 20k-100k Cr']/@exact">75000Cr + [20000Cr, [25000Cr * $DifficultyMultiplier, 125000Cr].min].max</replace>
  <replace sel="//cue[@name='CalculateReward']/actions/set_value[@comment='25k + numhostiles*5k clamped to 20k-100k Cr']/@comment">75k + numhostiles*25k clamped to 25k-125k Cr</replace>
  
  <add sel="//cue[@name='CalculateReward']/actions/set_value[@comment='round']" pos="before"> 
    <set_value name='$RewardCr' exact='($RewardCr * (($Uivalue / 6) + 1)Cr) / (1Cr)' comment ='"Multiply faction bonus with $RewardCr"'/>
  </add>

</diff>
