<?xml version='1.0' encoding='utf-8'?>
<diff>
 <add sel="//cue[@name='Reward_Money']/actions" pos="prepend">
    <set_value name="$uivalue" exact="event.param.{4}.relation.{event.param.{4}.relationto.{faction.player}}.uivalue" />
 </add>
 <replace sel="/mdscript/cues/cue[@name='Reward_Money']/actions/set_value[@scale='2']/@min">$Value * (($uivalue / 6) + 1)</replace>
 <replace sel="/mdscript/cues/cue[@name='Reward_Money']/actions/set_value[@scale='2']/@max">$Value * (($uivalue / 5) + 1) * 1.4</replace>
 <replace sel="/mdscript/cues/library[@name='Reward_Multiplier']/actions/do_elseif/set_value/@exact">$RewardMultiplier * 3.0</replace>
 <replace sel="/mdscript/cues/library[@name='GetValue']/actions/do_elseif[@value='event.param.{2} == level.veryeasy']/set_value/@exact">1.8</replace>
 <replace sel="/mdscript/cues/library[@name='GetValue']/actions/do_elseif[@value='event.param.{2} == level.easy']/set_value/@exact">2.6</replace>
 <replace sel="/mdscript/cues/library[@name='GetValue']/actions/do_elseif[@value='event.param.{2} == level.medium']/set_value/@exact">3.4</replace>
 <replace sel="/mdscript/cues/library[@name='GetValue']/actions/do_elseif[@value='event.param.{2} == level.hard']/set_value/@exact">4.2</replace>
 <replace sel="/mdscript/cues/library[@name='GetValue']/actions/do_elseif[@value='event.param.{2} == level.veryhard']/set_value/@exact">5</replace>
 <replace sel="/mdscript/cues/library[@name='GetValue']/actions/do_elseif[@value='event.param.{2} == level.impossible']/set_value/@exact">5.8</replace>
 <replace sel="//cue[@name='Reward_ModPart']/actions/do_any/do_any[@weight='80']/@weight">0</replace>
 <replace sel="//cue[@name='Reward_ModPart']/actions/do_any/do_any[@weight='10']/@weight">0</replace>
 <replace sel="//cue[@name='Reward_ModPart']/actions/do_any/do_any[@weight='4']/@weight">2</replace>
 <replace sel="//cue[@name='Reward_ModPart']/actions/do_any/do_any[@weight='6']/@weight">4</replace>

</diff>