<?xml version='1.0' encoding='utf-8'?>
<content author="Arronicus" date="2019-01-18" enabled="true" id="MissionRewardsOverhaul" name="Mission Rewards Overhaul" save="false" sync="false" version="100">
  <langugage description="" language="7"/>
  <langugage description="" language="33"/>
  <langugage description="" language="37"/>
  <langugage description="" language="39"/>
  <langugage description="Mission Rewards Overhaul" language="44"/>
  <langugage description="" language="49"/>
  <langugage description="" language="55"/>
  <langugage description="" language="81"/>
  <langugage description="" language="82"/>
  <langugage description="" language="86"/>
  <langugage description="" language="88"/>
</content>
